venue,group,favorite
30AFest Headquarters @ WaterColor Inn,West 30A,N
30Avenue,East 30A,N
A Simple Faith Church,,N
Aaron Bessant Park,East 30A,N
AJ's Grayton Beach,West 30A,Y
Alys Beach,East 30A,N
Boggy Boys Pizza,,N
Bud & Alleys,Central 30A,N
Burn Pine Country Club,West 30A,N
Café Thirty-A,East 30A,N
Camp Helen State Park,East 30A,N
Carillon Beach Village Green,East 30A,N
Chautauqua Theater,,N
Crackings,West 30A,Y
Distillery 98,West 30A,N
Downtown Panama City,East 30A,N
Downtown Pensacola,West 30A,N
Eastern Lake Trailhead,East 30A,N
Eden Gardens State Park,West 30A,N
Emerald Bay Golf Course,West 30A,N
Emerald Coast Theatre Company,West 30A,N
EO Wilson Biophilia Center,West 30A,N
Fish Out of Water,West 30A,N
Frank Brown Park,East 30A,N
Freeport Community Center,West 30A,N
Freeport Sports Complex,West 30A,N
George Core Park,West 30A,N
Grand Boulevard,West 30A,N
Greenway Station 30A,West 30A,N
HarborWalk Village,West 30A,N
Havana Beach Bar,West 30A,N
Hibiscus Guesthouse,West 30A,N
Hilton Sandestin Beach Golf Resort & Spa,West 30A,N
Hotel Effie,West 30A,N
Hotel Effie Ara Rooftop,West 30A,N
Hotel Effie Lobby Bar,West 30A,N
Local Catch Bar & Grill,West 30A,Y
Main Street Farmer's Market,,N
Mattie Kelly Cultural Arts Village,West 30A,N
McGuire's Destin,West 30A,N
Naval Air Station Pensacola,West 30A,N
NEAT,West 30A,N
Nick's Seafood Restaurant,,N
North Barrett Square,East 30A,N
North Beach Social,East 30A,Y
Old Florida Fish House,East 30A,N
Papa Surf,West 30A,Y
Peddlers Pavilion,,N
Pier Park,East 30A,N
Point Washington State Forest,West 30A,N
Point Washington Trail Head,West 30A,N
Red Fish Taco,West 30A,Y
Rosemary Beach,East 30A,N
Rosemary Beach Town Hall,East 30A,N
Sandestin Golf and Beach Resort,West 30A,N
Scratch Biscuit Kitchen,West 30A,N
Seascape Towne Centre,West 30A,N
Seaside Amphitheater,Central 30A,N
Seaside Farmers Market,Central 30A,N
Seaside Lyceum Lawn,Central 30A,N
Shack's Art Gallery,,N
Shelby's Beach Bar,West 30A,Y
Shunk Gulley,West 30A,Y
Stinky's Bait Shack,West 30A,Y
Stinky's Fish Camp,West 30A,N
The Alice,,N
The Bay,East 30A,Y
The Big Chill,West 30A,N
The Links Golf Club,West 30A,N
The Markey Shops,,N
The Pavilion at Watersound Town Center,East 30A,Y
The Pearl,East 30A,N
The Red Bar,West 30A,Y
The Village Door,,N
The Village of Baytowne Wharf,West 30A,N
Topsail Hill Preserve State Park,West 30A,N
Walton County Fairgrounds,West 30A,N
WaterColor Marina Park Amphitheater,West 30A,N
WaterColor Package Store,West 30A,N
Watersound Town Center,East 30A,N
